INSERT INTO professor (`codigo`, `nome`) VALUES (1, 'Professor 1');
INSERT INTO professor (`codigo`, `nome`) VALUES (2, 'Professor 2');
INSERT INTO professor (`codigo`, `nome`) VALUES (3, 'Professor 3');
INSERT INTO professor (`codigo`, `nome`) VALUES (4, 'Professor 4');
INSERT INTO professor (`codigo`, `nome`) VALUES (5, 'Professor 5');
INSERT INTO professor (`codigo`, `nome`) VALUES (6, 'Professor 6');
INSERT INTO professor (`codigo`, `nome`) VALUES (7, 'Professor 7');
INSERT INTO professor (`codigo`, `nome`) VALUES (8, 'Professor 8');
INSERT INTO professor (`codigo`, `nome`) VALUES (9, 'Professor 9');
INSERT INTO professor (`codigo`, `nome`) VALUES (10, 'Professor 10');
INSERT INTO professor (`codigo`, `nome`) VALUES (11, 'Professor 11');
INSERT INTO professor (`codigo`, `nome`) VALUES (12, 'Professor 12');
INSERT INTO professor (`codigo`, `nome`) VALUES (13, 'Professor 13');
INSERT INTO professor (`codigo`, `nome`) VALUES (14, 'Professor 14');
INSERT INTO professor (`codigo`, `nome`) VALUES (15, 'Professor 15');
INSERT INTO professor (`codigo`, `nome`) VALUES (16, 'Professor 16');
INSERT INTO professor (`codigo`, `nome`) VALUES (17, 'Professor 17');
INSERT INTO professor (`codigo`, `nome`) VALUES (18, 'Professor 18');
INSERT INTO professor (`codigo`, `nome`) VALUES (19, 'Professor 19');
INSERT INTO professor (`codigo`, `nome`) VALUES (20, 'Professor 20');
INSERT INTO professor (`codigo`, `nome`) VALUES (21, 'Professor 21');
INSERT INTO professor (`codigo`, `nome`) VALUES (22, 'Professor 22');
INSERT INTO professor (`codigo`, `nome`) VALUES (23, 'Professor 23');
INSERT INTO professor (`codigo`, `nome`) VALUES (24, 'Professor 24');
INSERT INTO professor (`codigo`, `nome`) VALUES (25, 'Professor 25');
INSERT INTO professor (`codigo`, `nome`) VALUES (26, 'Professor 26');
INSERT INTO professor (`codigo`, `nome`) VALUES (27, 'Professor 27');
INSERT INTO professor (`codigo`, `nome`) VALUES (28, 'Professor 28');
INSERT INTO professor (`codigo`, `nome`) VALUES (29, 'Professor 29');
INSERT INTO professor (`codigo`, `nome`) VALUES (30, 'Professor 30');
INSERT INTO professor (`codigo`, `nome`) VALUES (31, 'Professor 31');
INSERT INTO professor (`codigo`, `nome`) VALUES (32, 'Professor 32');
INSERT INTO professor (`codigo`, `nome`) VALUES (33, 'Professor 33');
INSERT INTO professor (`codigo`, `nome`) VALUES (34, 'Professor 34');
INSERT INTO professor (`codigo`, `nome`) VALUES (35, 'Professor 35');
INSERT INTO professor (`codigo`, `nome`) VALUES (36, 'Professor 36');
INSERT INTO professor (`codigo`, `nome`) VALUES (37, 'Professor 37');
INSERT INTO professor (`codigo`, `nome`) VALUES (38, 'Professor 38');
INSERT INTO professor (`codigo`, `nome`) VALUES (39, 'Professor 39');
INSERT INTO professor (`codigo`, `nome`) VALUES (40, 'Professor 40');
INSERT INTO professor (`codigo`, `nome`) VALUES (41, 'Professor 41');
INSERT INTO professor (`codigo`, `nome`) VALUES (42, 'Professor 42');
INSERT INTO professor (`codigo`, `nome`) VALUES (43, 'Professor 43');
INSERT INTO professor (`codigo`, `nome`) VALUES (44, 'Professor 44');
INSERT INTO professor (`codigo`, `nome`) VALUES (45, 'Professor 45');
INSERT INTO professor (`codigo`, `nome`) VALUES (46, 'Professor 46');
INSERT INTO professor (`codigo`, `nome`) VALUES (47, 'Professor 47');
INSERT INTO professor (`codigo`, `nome`) VALUES (48, 'Professor 48');
INSERT INTO professor (`codigo`, `nome`) VALUES (49, 'Professor 49');
INSERT INTO professor (`codigo`, `nome`) VALUES (50, 'Professor 50');

INSERT INTO aluno (`codigo`, `nome`, `matricula`) VALUES (1, 'Aluno 1', 101);
INSERT INTO aluno (`codigo`, `nome`, `matricula`) VALUES (2, 'Aluno 2', 102);
INSERT INTO aluno (`codigo`, `nome`, `matricula`) VALUES (3, 'Aluno 3', 103);
INSERT INTO aluno (`codigo`, `nome`, `matricula`) VALUES (4, 'Aluno 4', 104);
INSERT INTO aluno (`codigo`, `nome`, `matricula`) VALUES (5, 'Aluno 5', 105);
INSERT INTO aluno (`codigo`, `nome`, `matricula`) VALUES (6, 'Aluno 6', 106);
INSERT INTO aluno (`codigo`, `nome`, `matricula`) VALUES (7, 'Aluno 7', 107);
INSERT INTO aluno (`codigo`, `nome`, `matricula`) VALUES (8, 'Aluno 8', 108);
INSERT INTO aluno (`codigo`, `nome`, `matricula`) VALUES (9, 'Aluno 9', 109);
INSERT INTO aluno (`codigo`, `nome`, `matricula`) VALUES (10, 'Aluno 10', 110);
INSERT INTO aluno (`codigo`, `nome`, `matricula`) VALUES (11, 'Aluno 11', 111);
INSERT INTO aluno (`codigo`, `nome`, `matricula`) VALUES (12, 'Aluno 12', 112);
INSERT INTO aluno (`codigo`, `nome`, `matricula`) VALUES (13, 'Aluno 13', 113);
INSERT INTO aluno (`codigo`, `nome`, `matricula`) VALUES (14, 'Aluno 14', 114);
INSERT INTO aluno (`codigo`, `nome`, `matricula`) VALUES (15, 'Aluno 15', 115);
INSERT INTO aluno (`codigo`, `nome`, `matricula`) VALUES (16, 'Aluno 16', 116);
INSERT INTO aluno (`codigo`, `nome`, `matricula`) VALUES (17, 'Aluno 17', 117);
INSERT INTO aluno (`codigo`, `nome`, `matricula`) VALUES (18, 'Aluno 18', 118);
INSERT INTO aluno (`codigo`, `nome`, `matricula`) VALUES (19, 'Aluno 19', 119);
INSERT INTO aluno (`codigo`, `nome`, `matricula`) VALUES (20, 'Aluno 20', 120);
INSERT INTO aluno (`codigo`, `nome`, `matricula`) VALUES (21, 'Aluno 21', 121);
INSERT INTO aluno (`codigo`, `nome`, `matricula`) VALUES (22, 'Aluno 22', 122);
INSERT INTO aluno (`codigo`, `nome`, `matricula`) VALUES (23, 'Aluno 23', 123);
INSERT INTO aluno (`codigo`, `nome`, `matricula`) VALUES (24, 'Aluno 24', 124);
INSERT INTO aluno (`codigo`, `nome`, `matricula`) VALUES (25, 'Aluno 25', 125);
INSERT INTO aluno (`codigo`, `nome`, `matricula`) VALUES (26, 'Aluno 26', 126);
INSERT INTO aluno (`codigo`, `nome`, `matricula`) VALUES (27, 'Aluno 27', 127);
INSERT INTO aluno (`codigo`, `nome`, `matricula`) VALUES (28, 'Aluno 28', 128);
INSERT INTO aluno (`codigo`, `nome`, `matricula`) VALUES (29, 'Aluno 29', 129);
INSERT INTO aluno (`codigo`, `nome`, `matricula`) VALUES (30, 'Aluno 30', 130);
INSERT INTO aluno (`codigo`, `nome`, `matricula`) VALUES (31, 'Aluno 31', 131);
INSERT INTO aluno (`codigo`, `nome`, `matricula`) VALUES (32, 'Aluno 32', 132);
INSERT INTO aluno (`codigo`, `nome`, `matricula`) VALUES (33, 'Aluno 33', 133);
INSERT INTO aluno (`codigo`, `nome`, `matricula`) VALUES (34, 'Aluno 34', 134);
INSERT INTO aluno (`codigo`, `nome`, `matricula`) VALUES (35, 'Aluno 35', 135);
INSERT INTO aluno (`codigo`, `nome`, `matricula`) VALUES (36, 'Aluno 36', 136);
INSERT INTO aluno (`codigo`, `nome`, `matricula`) VALUES (37, 'Aluno 37', 137);
INSERT INTO aluno (`codigo`, `nome`, `matricula`) VALUES (38, 'Aluno 38', 138);
INSERT INTO aluno (`codigo`, `nome`, `matricula`) VALUES (39, 'Aluno 39', 139);
INSERT INTO aluno (`codigo`, `nome`, `matricula`) VALUES (40, 'Aluno 40', 140);
INSERT INTO aluno (`codigo`, `nome`, `matricula`) VALUES (41, 'Aluno 41', 141);
INSERT INTO aluno (`codigo`, `nome`, `matricula`) VALUES (42, 'Aluno 42', 142);
INSERT INTO aluno (`codigo`, `nome`, `matricula`) VALUES (43, 'Aluno 43', 143);
INSERT INTO aluno (`codigo`, `nome`, `matricula`) VALUES (44, 'Aluno 44', 144);
INSERT INTO aluno (`codigo`, `nome`, `matricula`) VALUES (45, 'Aluno 45', 145);
INSERT INTO aluno (`codigo`, `nome`, `matricula`) VALUES (46, 'Aluno 46', 146);
INSERT INTO aluno (`codigo`, `nome`, `matricula`) VALUES (47, 'Aluno 47', 147);
INSERT INTO aluno (`codigo`, `nome`, `matricula`) VALUES (48, 'Aluno 48', 148);
INSERT INTO aluno (`codigo`, `nome`, `matricula`) VALUES (49, 'Aluno 49', 149);
INSERT INTO aluno (`codigo`, `nome`, `matricula`) VALUES (50, 'Aluno 50', 150);

INSERT INTO turma (`codigo`, `nome`, `codigo_professor`) VALUES (1, 'Turma 1', 2);
INSERT INTO turma (`codigo`, `nome`, `codigo_professor`) VALUES (2, 'Turma 2', 3);
INSERT INTO turma (`codigo`, `nome`, `codigo_professor`) VALUES (3, 'Turma 3', 4);
INSERT INTO turma (`codigo`, `nome`, `codigo_professor`) VALUES (4, 'Turma 4', 5);
INSERT INTO turma (`codigo`, `nome`, `codigo_professor`) VALUES (5, 'Turma 5', 6);
INSERT INTO turma (`codigo`, `nome`, `codigo_professor`) VALUES (6, 'Turma 6', 7);
INSERT INTO turma (`codigo`, `nome`, `codigo_professor`) VALUES (7, 'Turma 7', 8);
INSERT INTO turma (`codigo`, `nome`, `codigo_professor`) VALUES (8, 'Turma 8', 9);
INSERT INTO turma (`codigo`, `nome`, `codigo_professor`) VALUES (9, 'Turma 9', 10);
INSERT INTO turma (`codigo`, `nome`, `codigo_professor`) VALUES (10, 'Turma 10', 11);
INSERT INTO turma (`codigo`, `nome`, `codigo_professor`) VALUES (11, 'Turma 11', 12);
INSERT INTO turma (`codigo`, `nome`, `codigo_professor`) VALUES (12, 'Turma 12', 13);
INSERT INTO turma (`codigo`, `nome`, `codigo_professor`) VALUES (13, 'Turma 13', 14);
INSERT INTO turma (`codigo`, `nome`, `codigo_professor`) VALUES (14, 'Turma 14', 15);
INSERT INTO turma (`codigo`, `nome`, `codigo_professor`) VALUES (15, 'Turma 15', 16);
INSERT INTO turma (`codigo`, `nome`, `codigo_professor`) VALUES (16, 'Turma 16', 17);
INSERT INTO turma (`codigo`, `nome`, `codigo_professor`) VALUES (17, 'Turma 17', 18);
INSERT INTO turma (`codigo`, `nome`, `codigo_professor`) VALUES (18, 'Turma 18', 19);
INSERT INTO turma (`codigo`, `nome`, `codigo_professor`) VALUES (19, 'Turma 19', 20);
INSERT INTO turma (`codigo`, `nome`, `codigo_professor`) VALUES (20, 'Turma 20', 21);
INSERT INTO turma (`codigo`, `nome`, `codigo_professor`) VALUES (21, 'Turma 21', 22);
INSERT INTO turma (`codigo`, `nome`, `codigo_professor`) VALUES (22, 'Turma 22', 23);
INSERT INTO turma (`codigo`, `nome`, `codigo_professor`) VALUES (23, 'Turma 23', 24);
INSERT INTO turma (`codigo`, `nome`, `codigo_professor`) VALUES (24, 'Turma 24', 25);
INSERT INTO turma (`codigo`, `nome`, `codigo_professor`) VALUES (25, 'Turma 25', 26);
INSERT INTO turma (`codigo`, `nome`, `codigo_professor`) VALUES (26, 'Turma 26', 27);
INSERT INTO turma (`codigo`, `nome`, `codigo_professor`) VALUES (27, 'Turma 27', 28);
INSERT INTO turma (`codigo`, `nome`, `codigo_professor`) VALUES (28, 'Turma 28', 29);
INSERT INTO turma (`codigo`, `nome`, `codigo_professor`) VALUES (29, 'Turma 29', 30);
INSERT INTO turma (`codigo`, `nome`, `codigo_professor`) VALUES (30, 'Turma 30', 31);
INSERT INTO turma (`codigo`, `nome`, `codigo_professor`) VALUES (31, 'Turma 31', 32);
INSERT INTO turma (`codigo`, `nome`, `codigo_professor`) VALUES (32, 'Turma 32', 33);
INSERT INTO turma (`codigo`, `nome`, `codigo_professor`) VALUES (33, 'Turma 33', 34);
INSERT INTO turma (`codigo`, `nome`, `codigo_professor`) VALUES (34, 'Turma 34', 35);
INSERT INTO turma (`codigo`, `nome`, `codigo_professor`) VALUES (35, 'Turma 35', 36);
INSERT INTO turma (`codigo`, `nome`, `codigo_professor`) VALUES (36, 'Turma 36', 37);
INSERT INTO turma (`codigo`, `nome`, `codigo_professor`) VALUES (37, 'Turma 37', 38);
INSERT INTO turma (`codigo`, `nome`, `codigo_professor`) VALUES (38, 'Turma 38', 39);
INSERT INTO turma (`codigo`, `nome`, `codigo_professor`) VALUES (39, 'Turma 39', 40);
INSERT INTO turma (`codigo`, `nome`, `codigo_professor`) VALUES (40, 'Turma 40', 41);
INSERT INTO turma (`codigo`, `nome`, `codigo_professor`) VALUES (41, 'Turma 41', 42);
INSERT INTO turma (`codigo`, `nome`, `codigo_professor`) VALUES (42, 'Turma 42', 43);
INSERT INTO turma (`codigo`, `nome`, `codigo_professor`) VALUES (43, 'Turma 43', 44);
INSERT INTO turma (`codigo`, `nome`, `codigo_professor`) VALUES (44, 'Turma 44', 45);
INSERT INTO turma (`codigo`, `nome`, `codigo_professor`) VALUES (45, 'Turma 45', 46);
INSERT INTO turma (`codigo`, `nome`, `codigo_professor`) VALUES (46, 'Turma 46', 47);
INSERT INTO turma (`codigo`, `nome`, `codigo_professor`) VALUES (47, 'Turma 47', 48);
INSERT INTO turma (`codigo`, `nome`, `codigo_professor`) VALUES (48, 'Turma 48', 49);
INSERT INTO turma (`codigo`, `nome`, `codigo_professor`) VALUES (49, 'Turma 49', 50);
INSERT INTO turma (`codigo`, `nome`, `codigo_professor`) VALUES (50, 'Turma 50', 1);

INSERT INTO prova (`codigo`, `titulo`, `data_aplicacao`, `codigo_turma`) VALUES (1, 'Prova 1', '2023-03-18', 2);
INSERT INTO prova (`codigo`, `titulo`, `data_aplicacao`, `codigo_turma`) VALUES (2, 'Prova 2', '2023-03-17', 3);
INSERT INTO prova (`codigo`, `titulo`, `data_aplicacao`, `codigo_turma`) VALUES (3, 'Prova 3', '2023-03-16', 4);
INSERT INTO prova (`codigo`, `titulo`, `data_aplicacao`, `codigo_turma`) VALUES (4, 'Prova 4', '2023-03-15', 5);
INSERT INTO prova (`codigo`, `titulo`, `data_aplicacao`, `codigo_turma`) VALUES (5, 'Prova 5', '2023-03-14', 6);
INSERT INTO prova (`codigo`, `titulo`, `data_aplicacao`, `codigo_turma`) VALUES (6, 'Prova 6', '2023-03-13', 7);
INSERT INTO prova (`codigo`, `titulo`, `data_aplicacao`, `codigo_turma`) VALUES (7, 'Prova 7', '2023-03-12', 8);
INSERT INTO prova (`codigo`, `titulo`, `data_aplicacao`, `codigo_turma`) VALUES (8, 'Prova 8', '2023-03-11', 9);
INSERT INTO prova (`codigo`, `titulo`, `data_aplicacao`, `codigo_turma`) VALUES (9, 'Prova 9', '2023-03-10', 10);
INSERT INTO prova (`codigo`, `titulo`, `data_aplicacao`, `codigo_turma`) VALUES (10, 'Prova 10', '2023-03-09', 11);
INSERT INTO prova (`codigo`, `titulo`, `data_aplicacao`, `codigo_turma`) VALUES (11, 'Prova 11', '2023-03-08', 12);
INSERT INTO prova (`codigo`, `titulo`, `data_aplicacao`, `codigo_turma`) VALUES (12, 'Prova 12', '2023-03-07', 13);
INSERT INTO prova (`codigo`, `titulo`, `data_aplicacao`, `codigo_turma`) VALUES (13, 'Prova 13', '2023-03-06', 14);
INSERT INTO prova (`codigo`, `titulo`, `data_aplicacao`, `codigo_turma`) VALUES (14, 'Prova 14', '2023-03-05', 15);
INSERT INTO prova (`codigo`, `titulo`, `data_aplicacao`, `codigo_turma`) VALUES (15, 'Prova 15', '2023-03-04', 16);
INSERT INTO prova (`codigo`, `titulo`, `data_aplicacao`, `codigo_turma`) VALUES (16, 'Prova 16', '2023-03-03', 17);
INSERT INTO prova (`codigo`, `titulo`, `data_aplicacao`, `codigo_turma`) VALUES (17, 'Prova 17', '2023-03-02', 18);
INSERT INTO prova (`codigo`, `titulo`, `data_aplicacao`, `codigo_turma`) VALUES (18, 'Prova 18', '2023-03-01', 19);
INSERT INTO prova (`codigo`, `titulo`, `data_aplicacao`, `codigo_turma`) VALUES (19, 'Prova 19', '2023-02-28', 20);
INSERT INTO prova (`codigo`, `titulo`, `data_aplicacao`, `codigo_turma`) VALUES (20, 'Prova 20', '2023-02-27', 21);
INSERT INTO prova (`codigo`, `titulo`, `data_aplicacao`, `codigo_turma`) VALUES (21, 'Prova 21', '2023-02-26', 22);
INSERT INTO prova (`codigo`, `titulo`, `data_aplicacao`, `codigo_turma`) VALUES (22, 'Prova 22', '2023-02-25', 23);
INSERT INTO prova (`codigo`, `titulo`, `data_aplicacao`, `codigo_turma`) VALUES (23, 'Prova 23', '2023-02-24', 24);
INSERT INTO prova (`codigo`, `titulo`, `data_aplicacao`, `codigo_turma`) VALUES (24, 'Prova 24', '2023-02-23', 25);
INSERT INTO prova (`codigo`, `titulo`, `data_aplicacao`, `codigo_turma`) VALUES (25, 'Prova 25', '2023-02-22', 26);
INSERT INTO prova (`codigo`, `titulo`, `data_aplicacao`, `codigo_turma`) VALUES (26, 'Prova 26', '2023-02-21', 27);
INSERT INTO prova (`codigo`, `titulo`, `data_aplicacao`, `codigo_turma`) VALUES (27, 'Prova 27', '2023-02-20', 28);
INSERT INTO prova (`codigo`, `titulo`, `data_aplicacao`, `codigo_turma`) VALUES (28, 'Prova 28', '2023-02-19', 29);
INSERT INTO prova (`codigo`, `titulo`, `data_aplicacao`, `codigo_turma`) VALUES (29, 'Prova 29', '2023-02-18', 30);
INSERT INTO prova (`codigo`, `titulo`, `data_aplicacao`, `codigo_turma`) VALUES (30, 'Prova 30', '2023-02-17', 31);
INSERT INTO prova (`codigo`, `titulo`, `data_aplicacao`, `codigo_turma`) VALUES (31, 'Prova 31', '2023-02-16', 32);
INSERT INTO prova (`codigo`, `titulo`, `data_aplicacao`, `codigo_turma`) VALUES (32, 'Prova 32', '2023-02-15', 33);
INSERT INTO prova (`codigo`, `titulo`, `data_aplicacao`, `codigo_turma`) VALUES (33, 'Prova 33', '2023-02-14', 34);
INSERT INTO prova (`codigo`, `titulo`, `data_aplicacao`, `codigo_turma`) VALUES (34, 'Prova 34', '2023-02-13', 35);
INSERT INTO prova (`codigo`, `titulo`, `data_aplicacao`, `codigo_turma`) VALUES (35, 'Prova 35', '2023-02-12', 36);
INSERT INTO prova (`codigo`, `titulo`, `data_aplicacao`, `codigo_turma`) VALUES (36, 'Prova 36', '2023-02-11', 37);
INSERT INTO prova (`codigo`, `titulo`, `data_aplicacao`, `codigo_turma`) VALUES (37, 'Prova 37', '2023-02-10', 38);
INSERT INTO prova (`codigo`, `titulo`, `data_aplicacao`, `codigo_turma`) VALUES (38, 'Prova 38', '2023-02-09', 39);
INSERT INTO prova (`codigo`, `titulo`, `data_aplicacao`, `codigo_turma`) VALUES (39, 'Prova 39', '2023-02-08', 40);
INSERT INTO prova (`codigo`, `titulo`, `data_aplicacao`, `codigo_turma`) VALUES (40, 'Prova 40', '2023-02-07', 41);
INSERT INTO prova (`codigo`, `titulo`, `data_aplicacao`, `codigo_turma`) VALUES (41, 'Prova 41', '2023-02-06', 42);
INSERT INTO prova (`codigo`, `titulo`, `data_aplicacao`, `codigo_turma`) VALUES (42, 'Prova 42', '2023-02-05', 43);
INSERT INTO prova (`codigo`, `titulo`, `data_aplicacao`, `codigo_turma`) VALUES (43, 'Prova 43', '2023-02-04', 44);
INSERT INTO prova (`codigo`, `titulo`, `data_aplicacao`, `codigo_turma`) VALUES (44, 'Prova 44', '2023-02-03', 45);
INSERT INTO prova (`codigo`, `titulo`, `data_aplicacao`, `codigo_turma`) VALUES (45, 'Prova 45', '2023-02-02', 46);
INSERT INTO prova (`codigo`, `titulo`, `data_aplicacao`, `codigo_turma`) VALUES (46, 'Prova 46', '2023-02-01', 47);
INSERT INTO prova (`codigo`, `titulo`, `data_aplicacao`, `codigo_turma`) VALUES (47, 'Prova 47', '2023-01-31', 48);
INSERT INTO prova (`codigo`, `titulo`, `data_aplicacao`, `codigo_turma`) VALUES (48, 'Prova 48', '2023-01-30', 49);
INSERT INTO prova (`codigo`, `titulo`, `data_aplicacao`, `codigo_turma`) VALUES (49, 'Prova 49', '2023-01-29', 50);
INSERT INTO prova (`codigo`, `titulo`, `data_aplicacao`, `codigo_turma`) VALUES (50, 'Prova 50', '2023-01-28', 1);

INSERT INTO turma_aluno (`codigo`, `codigo_turma`, `codigo_aluno`) VALUES (1, 2, 2);
INSERT INTO turma_aluno (`codigo`, `codigo_turma`, `codigo_aluno`) VALUES (2, 3, 3);
INSERT INTO turma_aluno (`codigo`, `codigo_turma`, `codigo_aluno`) VALUES (3, 4, 4);
INSERT INTO turma_aluno (`codigo`, `codigo_turma`, `codigo_aluno`) VALUES (4, 5, 5);
INSERT INTO turma_aluno (`codigo`, `codigo_turma`, `codigo_aluno`) VALUES (5, 6, 6);
INSERT INTO turma_aluno (`codigo`, `codigo_turma`, `codigo_aluno`) VALUES (6, 7, 7);
INSERT INTO turma_aluno (`codigo`, `codigo_turma`, `codigo_aluno`) VALUES (7, 8, 8);
INSERT INTO turma_aluno (`codigo`, `codigo_turma`, `codigo_aluno`) VALUES (8, 9, 9);
INSERT INTO turma_aluno (`codigo`, `codigo_turma`, `codigo_aluno`) VALUES (9, 10, 10);
INSERT INTO turma_aluno (`codigo`, `codigo_turma`, `codigo_aluno`) VALUES (10, 11, 11);
INSERT INTO turma_aluno (`codigo`, `codigo_turma`, `codigo_aluno`) VALUES (11, 12, 12);
INSERT INTO turma_aluno (`codigo`, `codigo_turma`, `codigo_aluno`) VALUES (12, 13, 13);
INSERT INTO turma_aluno (`codigo`, `codigo_turma`, `codigo_aluno`) VALUES (13, 14, 14);
INSERT INTO turma_aluno (`codigo`, `codigo_turma`, `codigo_aluno`) VALUES (14, 15, 15);
INSERT INTO turma_aluno (`codigo`, `codigo_turma`, `codigo_aluno`) VALUES (15, 16, 16);
INSERT INTO turma_aluno (`codigo`, `codigo_turma`, `codigo_aluno`) VALUES (16, 17, 17);
INSERT INTO turma_aluno (`codigo`, `codigo_turma`, `codigo_aluno`) VALUES (17, 18, 18);
INSERT INTO turma_aluno (`codigo`, `codigo_turma`, `codigo_aluno`) VALUES (18, 19, 19);
INSERT INTO turma_aluno (`codigo`, `codigo_turma`, `codigo_aluno`) VALUES (19, 20, 20);
INSERT INTO turma_aluno (`codigo`, `codigo_turma`, `codigo_aluno`) VALUES (20, 21, 21);
INSERT INTO turma_aluno (`codigo`, `codigo_turma`, `codigo_aluno`) VALUES (21, 22, 22);
INSERT INTO turma_aluno (`codigo`, `codigo_turma`, `codigo_aluno`) VALUES (22, 23, 23);
INSERT INTO turma_aluno (`codigo`, `codigo_turma`, `codigo_aluno`) VALUES (23, 24, 24);
INSERT INTO turma_aluno (`codigo`, `codigo_turma`, `codigo_aluno`) VALUES (24, 25, 25);
INSERT INTO turma_aluno (`codigo`, `codigo_turma`, `codigo_aluno`) VALUES (25, 26, 26);
INSERT INTO turma_aluno (`codigo`, `codigo_turma`, `codigo_aluno`) VALUES (26, 27, 27);
INSERT INTO turma_aluno (`codigo`, `codigo_turma`, `codigo_aluno`) VALUES (27, 28, 28);
INSERT INTO turma_aluno (`codigo`, `codigo_turma`, `codigo_aluno`) VALUES (28, 29, 29);
INSERT INTO turma_aluno (`codigo`, `codigo_turma`, `codigo_aluno`) VALUES (29, 30, 30);
INSERT INTO turma_aluno (`codigo`, `codigo_turma`, `codigo_aluno`) VALUES (30, 31, 31);
INSERT INTO turma_aluno (`codigo`, `codigo_turma`, `codigo_aluno`) VALUES (31, 32, 32);
INSERT INTO turma_aluno (`codigo`, `codigo_turma`, `codigo_aluno`) VALUES (32, 33, 33);
INSERT INTO turma_aluno (`codigo`, `codigo_turma`, `codigo_aluno`) VALUES (33, 34, 34);
INSERT INTO turma_aluno (`codigo`, `codigo_turma`, `codigo_aluno`) VALUES (34, 35, 35);
INSERT INTO turma_aluno (`codigo`, `codigo_turma`, `codigo_aluno`) VALUES (35, 36, 36);
INSERT INTO turma_aluno (`codigo`, `codigo_turma`, `codigo_aluno`) VALUES (36, 37, 37);
INSERT INTO turma_aluno (`codigo`, `codigo_turma`, `codigo_aluno`) VALUES (37, 38, 38);
INSERT INTO turma_aluno (`codigo`, `codigo_turma`, `codigo_aluno`) VALUES (38, 39, 39);
INSERT INTO turma_aluno (`codigo`, `codigo_turma`, `codigo_aluno`) VALUES (39, 40, 40);
INSERT INTO turma_aluno (`codigo`, `codigo_turma`, `codigo_aluno`) VALUES (40, 41, 41);
INSERT INTO turma_aluno (`codigo`, `codigo_turma`, `codigo_aluno`) VALUES (41, 42, 42);
INSERT INTO turma_aluno (`codigo`, `codigo_turma`, `codigo_aluno`) VALUES (42, 43, 43);
INSERT INTO turma_aluno (`codigo`, `codigo_turma`, `codigo_aluno`) VALUES (43, 44, 44);
INSERT INTO turma_aluno (`codigo`, `codigo_turma`, `codigo_aluno`) VALUES (44, 45, 45);
INSERT INTO turma_aluno (`codigo`, `codigo_turma`, `codigo_aluno`) VALUES (45, 46, 46);
INSERT INTO turma_aluno (`codigo`, `codigo_turma`, `codigo_aluno`) VALUES (46, 47, 47);
INSERT INTO turma_aluno (`codigo`, `codigo_turma`, `codigo_aluno`) VALUES (47, 48, 48);
INSERT INTO turma_aluno (`codigo`, `codigo_turma`, `codigo_aluno`) VALUES (48, 49, 49);
INSERT INTO turma_aluno (`codigo`, `codigo_turma`, `codigo_aluno`) VALUES (49, 50, 50);
INSERT INTO turma_aluno (`codigo`, `codigo_turma`, `codigo_aluno`) VALUES (50, 1, 1);

INSERT INTO prova_aluno (`codigo`, `codigo_prova`, `codigo_aluno`, `pontuacao`) VALUES (1, '2', 2, 10);
INSERT INTO prova_aluno (`codigo`, `codigo_prova`, `codigo_aluno`, `pontuacao`) VALUES (2, '3', 3, 10);
INSERT INTO prova_aluno (`codigo`, `codigo_prova`, `codigo_aluno`, `pontuacao`) VALUES (3, '4', 4, 10);
INSERT INTO prova_aluno (`codigo`, `codigo_prova`, `codigo_aluno`, `pontuacao`) VALUES (4, '5', 5, 10);
INSERT INTO prova_aluno (`codigo`, `codigo_prova`, `codigo_aluno`, `pontuacao`) VALUES (5, '6', 6, 10);
INSERT INTO prova_aluno (`codigo`, `codigo_prova`, `codigo_aluno`, `pontuacao`) VALUES (6, '7', 7, 10);
INSERT INTO prova_aluno (`codigo`, `codigo_prova`, `codigo_aluno`, `pontuacao`) VALUES (7, '8', 8, 10);
INSERT INTO prova_aluno (`codigo`, `codigo_prova`, `codigo_aluno`, `pontuacao`) VALUES (8, '9', 9, 10);
INSERT INTO prova_aluno (`codigo`, `codigo_prova`, `codigo_aluno`, `pontuacao`) VALUES (9, '10', 10, 10);
INSERT INTO prova_aluno (`codigo`, `codigo_prova`, `codigo_aluno`, `pontuacao`) VALUES (10, '11', 11, 10);
INSERT INTO prova_aluno (`codigo`, `codigo_prova`, `codigo_aluno`, `pontuacao`) VALUES (11, '12', 12, 10);
INSERT INTO prova_aluno (`codigo`, `codigo_prova`, `codigo_aluno`, `pontuacao`) VALUES (12, '13', 13, 10);
INSERT INTO prova_aluno (`codigo`, `codigo_prova`, `codigo_aluno`, `pontuacao`) VALUES (13, '14', 14, 10);
INSERT INTO prova_aluno (`codigo`, `codigo_prova`, `codigo_aluno`, `pontuacao`) VALUES (14, '15', 15, 10);
INSERT INTO prova_aluno (`codigo`, `codigo_prova`, `codigo_aluno`, `pontuacao`) VALUES (15, '16', 16, 10);
INSERT INTO prova_aluno (`codigo`, `codigo_prova`, `codigo_aluno`, `pontuacao`) VALUES (16, '17', 17, 10);
INSERT INTO prova_aluno (`codigo`, `codigo_prova`, `codigo_aluno`, `pontuacao`) VALUES (17, '18', 18, 10);
INSERT INTO prova_aluno (`codigo`, `codigo_prova`, `codigo_aluno`, `pontuacao`) VALUES (18, '19', 19, 10);
INSERT INTO prova_aluno (`codigo`, `codigo_prova`, `codigo_aluno`, `pontuacao`) VALUES (19, '20', 20, 10);
INSERT INTO prova_aluno (`codigo`, `codigo_prova`, `codigo_aluno`, `pontuacao`) VALUES (20, '21', 21, 10);
INSERT INTO prova_aluno (`codigo`, `codigo_prova`, `codigo_aluno`, `pontuacao`) VALUES (21, '22', 22, 10);
INSERT INTO prova_aluno (`codigo`, `codigo_prova`, `codigo_aluno`, `pontuacao`) VALUES (22, '23', 23, 10);
INSERT INTO prova_aluno (`codigo`, `codigo_prova`, `codigo_aluno`, `pontuacao`) VALUES (23, '24', 24, 10);
INSERT INTO prova_aluno (`codigo`, `codigo_prova`, `codigo_aluno`, `pontuacao`) VALUES (24, '25', 25, 10);
INSERT INTO prova_aluno (`codigo`, `codigo_prova`, `codigo_aluno`, `pontuacao`) VALUES (25, '26', 26, 10);
INSERT INTO prova_aluno (`codigo`, `codigo_prova`, `codigo_aluno`, `pontuacao`) VALUES (26, '27', 27, 10);
INSERT INTO prova_aluno (`codigo`, `codigo_prova`, `codigo_aluno`, `pontuacao`) VALUES (27, '28', 28, 10);
INSERT INTO prova_aluno (`codigo`, `codigo_prova`, `codigo_aluno`, `pontuacao`) VALUES (28, '29', 29, 10);
INSERT INTO prova_aluno (`codigo`, `codigo_prova`, `codigo_aluno`, `pontuacao`) VALUES (29, '30', 30, 10);
INSERT INTO prova_aluno (`codigo`, `codigo_prova`, `codigo_aluno`, `pontuacao`) VALUES (30, '31', 31, 10);
INSERT INTO prova_aluno (`codigo`, `codigo_prova`, `codigo_aluno`, `pontuacao`) VALUES (31, '32', 32, 10);
INSERT INTO prova_aluno (`codigo`, `codigo_prova`, `codigo_aluno`, `pontuacao`) VALUES (32, '33', 33, 10);
INSERT INTO prova_aluno (`codigo`, `codigo_prova`, `codigo_aluno`, `pontuacao`) VALUES (33, '34', 34, 10);
INSERT INTO prova_aluno (`codigo`, `codigo_prova`, `codigo_aluno`, `pontuacao`) VALUES (34, '35', 35, 10);
INSERT INTO prova_aluno (`codigo`, `codigo_prova`, `codigo_aluno`, `pontuacao`) VALUES (35, '36', 36, 10);
INSERT INTO prova_aluno (`codigo`, `codigo_prova`, `codigo_aluno`, `pontuacao`) VALUES (36, '37', 37, 10);
INSERT INTO prova_aluno (`codigo`, `codigo_prova`, `codigo_aluno`, `pontuacao`) VALUES (37, '38', 38, 10);
INSERT INTO prova_aluno (`codigo`, `codigo_prova`, `codigo_aluno`, `pontuacao`) VALUES (38, '39', 39, 10);
INSERT INTO prova_aluno (`codigo`, `codigo_prova`, `codigo_aluno`, `pontuacao`) VALUES (39, '40', 40, 10);
INSERT INTO prova_aluno (`codigo`, `codigo_prova`, `codigo_aluno`, `pontuacao`) VALUES (40, '41', 41, 10);
INSERT INTO prova_aluno (`codigo`, `codigo_prova`, `codigo_aluno`, `pontuacao`) VALUES (41, '42', 42, 10);
INSERT INTO prova_aluno (`codigo`, `codigo_prova`, `codigo_aluno`, `pontuacao`) VALUES (42, '43', 43, 10);
INSERT INTO prova_aluno (`codigo`, `codigo_prova`, `codigo_aluno`, `pontuacao`) VALUES (43, '44', 44, 10);
INSERT INTO prova_aluno (`codigo`, `codigo_prova`, `codigo_aluno`, `pontuacao`) VALUES (44, '45', 45, 10);
INSERT INTO prova_aluno (`codigo`, `codigo_prova`, `codigo_aluno`, `pontuacao`) VALUES (45, '46', 46, 10);
INSERT INTO prova_aluno (`codigo`, `codigo_prova`, `codigo_aluno`, `pontuacao`) VALUES (46, '47', 47, 10);
INSERT INTO prova_aluno (`codigo`, `codigo_prova`, `codigo_aluno`, `pontuacao`) VALUES (47, '48', 48, 10);
INSERT INTO prova_aluno (`codigo`, `codigo_prova`, `codigo_aluno`, `pontuacao`) VALUES (48, '49', 49, 10);
INSERT INTO prova_aluno (`codigo`, `codigo_prova`, `codigo_aluno`, `pontuacao`) VALUES (49, '50', 50, 10);
INSERT INTO prova_aluno (`codigo`, `codigo_prova`, `codigo_aluno`, `pontuacao`) VALUES (50, '1', 1, 10);
















INSERT INTO usuario (nome, email, senha) values ('Administrador','admin@uea.edu.br','{bcrypt}$2a$10$X607ZPhQ4EgGNaYKt3n4SONjIv9zc.VMWdEuhCuba7oLAL5IvcL5.');
INSERT INTO usuario (nome, email, senha) values ('Maria Silva','maria@uea.edu.br','{bcrypt}$2a$10$Zc3w6HyuPOPXamaMhh.PQOXvDnEsadztbfi6/RyZWJDzimE8WQjaq');

INSERT INTO permissao (descricao) values ('ROLE_CADASTRAR_ALUNO');
INSERT INTO permissao (descricao) values ('ROLE_PESQUISAR_ALUNO');
INSERT INTO permissao (descricao) values ('ROLE_ATUALIZAR_ALUNO');
INSERT INTO permissao (descricao) values ('ROLE_REMOVER_ALUNO');

INSERT INTO permissao (descricao) values ('ROLE_CADASTRAR_PERMISSAO');
INSERT INTO permissao (descricao) values ('ROLE_PESQUISAR_PERMISSAO');
INSERT INTO permissao (descricao) values ('ROLE_ATUALIZAR_PERMISSAO');
INSERT INTO permissao (descricao) values ('ROLE_REMOVER_PERMISSAO');

INSERT INTO permissao (descricao) values ('ROLE_CADASTRAR_PROFESSOR');
INSERT INTO permissao (descricao) values ('ROLE_PESQUISAR_PROFESSOR');
INSERT INTO permissao (descricao) values ('ROLE_ATUALIZAR_PROFESSOR');
INSERT INTO permissao (descricao) values ('ROLE_REMOVER_PROFESSOR');

INSERT INTO permissao (descricao) values ('ROLE_CADASTRAR_PROVAALUNO');
INSERT INTO permissao (descricao) values ('ROLE_PESQUISAR_PROVAALUNO');
INSERT INTO permissao (descricao) values ('ROLE_ATUALIZAR_PROVAALUNO');
INSERT INTO permissao (descricao) values ('ROLE_REMOVER_PROVAALUNO');

INSERT INTO permissao (descricao) values ('ROLE_CADASTRAR_PROVA');
INSERT INTO permissao (descricao) values ('ROLE_PESQUISAR_PROVA');
INSERT INTO permissao (descricao) values ('ROLE_ATUALIZAR_PROVA');
INSERT INTO permissao (descricao) values ('ROLE_REMOVER_PROVA');

INSERT INTO permissao (descricao) values ('ROLE_CADASTRAR_TURMAALUNO');
INSERT INTO permissao (descricao) values ('ROLE_PESQUISAR_TURMAALUNO');
INSERT INTO permissao (descricao) values ('ROLE_ATUALIZAR_TURMAALUNO');
INSERT INTO permissao (descricao) values ('ROLE_REMOVER_TURMAALUNO');

INSERT INTO permissao (descricao) values ('ROLE_CADASTRAR_TURMA');
INSERT INTO permissao (descricao) values ('ROLE_PESQUISAR_TURMA');
INSERT INTO permissao (descricao) values ('ROLE_ATUALIZAR_TURMA');
INSERT INTO permissao (descricao) values ('ROLE_REMOVER_TURMA');

INSERT INTO permissao (descricao) values ('ROLE_CADASTRAR_USUARIO');
INSERT INTO permissao (descricao) values ('ROLE_PESQUISAR_USUARIO');
INSERT INTO permissao (descricao) values ('ROLE_ATUALIZAR_USUARIO');
INSERT INTO permissao (descricao) values ('ROLE_REMOVER_USUARIO');



INSERT INTO usuario_permissao (codigo_usuario,codigo_permissao) values (1, 1), (1, 2),
(1, 3), (1, 4),(1, 5), (1, 6),(1, 7), (1, 8),(1, 9), (1, 10),(1, 11), (1, 12), (1, 13), 
(1, 14),(1, 15), (1, 16), (1, 17), (1, 18), (1, 19), (1, 20), (1, 21), (1, 22), (1, 23), (1, 24), (1, 25),
(1, 26), (1, 27), (1, 28), (1, 29), (1, 30), (1, 31), (1, 32);

INSERT INTO usuario_permissao (codigo_usuario,codigo_permissao) values (2, 2), (2, 10), (2, 18), (2, 24);

